,Data,INCC,IPCA,ICC,ICE,Taxa_de_Desemprego,Quantidade_de_cotas,Numero_de_cotistas,CGI,CDI,Dolar,Ibovespa,IFIX,IGP-M,indice_Teva_de_Fundos_Imobiliarios_de_Papel,indice_Teva_de_Fundos_Imobiliarios_de_Tijolo,Poupan√ßa,S&P_South_Africa_REIT,Selic,Taxa_Referencial,mes,ano_data,VOLUME DA EMISSAO
0,2005-10-31,213.76,184.3,107.65,94.3,,349219032.0,,,545.15,2.25,30193.0,,246.77,,,248.68,,550.91,144.13,2005-10,2005,1028705230.85
1,2006-03-31,216.73,188.66,137.75,99.4,,349641699.0,,,583.44,2.17,37951.0,,249.46,,,257.35,,589.75,145.38,2006-03,2006,126900.0
2,2007-05-31,231.78,195.26,126.49,109.8,,357341450.0,,,677.81,1.93,52268.0,,260.32,,,282.32,,685.49,148.71,2007-05,2007,25775750.62
3,2007-06-29,233.92,195.81,129.77,109.8,,357344785.0,,,683.93,1.93,54392.0,,261.0,,,284.01,,691.71,148.89,2007-06,2007,2135600.0
4,2007-09-28,236.45,197.56,131.81,112.5,,358260242.0,,,702.98,1.84,60465.0,,267.7,,,289.24,,711.07,149.36,2007-09,2007,2599747.04
5,2007-10-31,237.66,198.15,133.34,113.6,,358340342.0,,,709.47,1.74,65317.0,,270.51,,,291.01,,717.68,149.47,2007-10,2007,89705165.39
6,2007-12-31,239.92,200.38,139.9,111.5,,359905379.0,,,721.44,1.77,63886.0,,277.18,,,294.29,,729.85,149.68,2007-12,2007,116689744.01
7,2008-01-31,240.83,201.46,142.61,110.9,,360340885.0,,,728.09,1.76,59490.0,,280.2,,,296.06,,736.63,149.8,2008-01,2008,13559137.65
8,2008-03-31,243.39,203.42,147.72,112.2,,361035725.0,,,740.03,1.75,60968.0,,283.77,,,299.23,,748.82,150.02,2008-03,2008,504595760.55
9,2008-05-30,250.47,206.15,147.36,111.7,,361140725.0,,,753.17,1.63,72592.0,,290.33,,,302.74,,762.18,150.31,2008-05,2008,73297643.86
10,2008-07-31,259.0,208.78,131.23,113.3,,361424248.0,,,768.36,1.57,59505.0,,301.31,,,306.71,,777.66,150.81,2008-07,2008,488000000.0
11,2008-08-29,262.06,209.36,137.05,114.9,,363029793.0,,,776.15,1.63,55680.0,,300.33,,,308.73,,785.57,151.1,2008-08,2008,2550999.89
12,2008-09-30,264.55,209.91,141.28,109.2,,365176613.0,,,784.65,1.91,49541.0,,300.65,,,310.88,,794.22,151.39,2008-09,2008,10055814.96
13,2008-10-31,266.59,210.85,140.46,99.4,,365327210.0,,,793.86,2.12,37256.0,,303.59,,,313.22,,803.55,151.72,2008-10,2008,247629199.75
14,2008-12-31,268.37,212.2,128.66,76.8,,366251602.0,,,810.68,2.34,37550.0,,304.36,,,317.55,,820.87,152.24,2008-12,2008,16162899.0
15,2009-01-30,269.26,213.22,125.16,78.4,,402477076.0,,,819.16,2.32,39300.0,,303.04,,,319.73,,829.51,152.51,2009-01,2009,120000000.0
16,2009-02-27,269.99,214.4,134.12,79.6,,368623076.0,,,826.14,2.38,38183.0,,303.83,,,321.47,,836.6,152.6,2009-02,2009,19408211.0
17,2009-03-31,269.31,214.82,130.88,81.0,,368653076.0,,,834.17,2.32,40925.0,,301.58,,,323.54,,844.77,152.75,2009-03,2009,28980369.68
18,2009-04-30,269.2,215.86,126.33,86.6,,368692178.0,,,841.17,2.18,47289.0,,301.11,,,325.31,,851.89,152.81,2009-04,2009,168830038.88
19,2009-05-29,272.95,216.87,128.95,90.5,,370119778.0,,,847.62,1.97,53197.0,,300.89,,,327.08,,858.46,152.93,2009-05,2009,45702356.0
20,2009-06-30,274.86,217.65,139.99,93.9,,414772019.0,,,854.03,1.95,51465.0,,300.6,,,328.93,,865.03,153.02,2009-06,2009,13833756.75
21,2009-08-31,275.43,218.5,145.61,101.6,,379099733.0,,,866.68,1.89,56488.0,,298.21,,,332.64,,877.93,153.15,2009-08,2009,39400285.25
22,2009-10-30,276.01,219.64,157.15,106.5,,379060413.0,,,878.71,1.74,61545.0,,299.6,,,335.98,,890.15,153.2,2009-10,2009,369521835.12
23,2009-11-30,276.81,220.54,155.79,108.2,,379102828.0,,,884.5,1.75,67044.0,,299.91,,,337.66,,896.03,153.25,2009-11,2009,18024529.13
24,2009-12-31,277.09,221.35,156.63,109.9,,380811582.0,,,890.91,1.74,68588.0,,299.13,,,339.53,,902.55,153.26,2009-12,2009,5204706.3
25,2010-01-29,278.86,223.01,160.47,111.8,,381007982.0,,,896.77,1.87,65401.0,,301.02,,,341.23,,908.51,153.3,2010-01,2010,54887878.0
26,2010-02-26,279.87,224.75,161.43,113.1,,381124207.0,,,902.08,1.81,66503.0,,304.56,,,342.93,,913.91,153.3,2010-02,2010,33939671.18
27,2010-03-31,281.97,225.92,159.92,114.8,,382672307.0,,,908.91,1.78,70371.0,,307.44,,,344.92,,920.85,153.35,2010-03,2010,180904237.14
28,2010-04-30,284.33,227.21,154.66,113.9,,382926552.0,,,914.92,1.73,67529.0,,309.79,,,346.64,,926.96,153.4,2010-04,2010,110961252.31
29,2010-05-31,289.48,228.19,155.77,114.2,,383936476.0,,,921.78,1.82,63046.0,,313.47,,,348.56,,933.93,153.51,2010-05,2010,502125845.75
30,2010-06-30,292.64,228.19,160.55,112.8,,397448063.0,,,929.05,1.8,60935.0,,316.13,,,350.5,,941.3,153.64,2010-06,2010,534611773.13
31,2010-07-30,293.92,228.21,157.16,112.1,,466686454.0,,,937.01,1.76,67515.0,,316.62,,,352.66,,949.39,153.8,2010-07,2010,281171940.13
32,2010-08-31,294.33,228.3,164.5,112.8,,400779894.0,,,945.32,1.76,65145.0,,319.06,,,354.75,,957.82,153.93,2010-08,2010,5125160.64
33,2010-09-30,294.95,229.33,162.62,112.7,,403400250.0,,,953.3,1.69,69429.0,,322.74,,,356.77,,965.94,154.04,2010-09,2010,49835556.050000004
34,2010-10-29,295.54,231.05,155.37,113.0,,409060268.0,,,960.98,1.7,70673.0,,326.0,,,358.73,,973.74,154.11,2010-10,2010,1428393094.81
35,2010-11-30,296.64,232.97,160.06,112.1,,417415059.0,,,968.72,1.72,67705.0,,330.71,,,360.64,,981.6,154.22,2010-11,2010,20399754.67
36,2010-12-31,298.62,234.43,164.26,111.3,,422634278.0,,,977.7,1.67,69304.0,1000.0,333.0,,,362.95,,990.72,154.38,2010-12,2010,520439246.18000007
37,2011-01-31,299.85,236.38,160.83,109.6,,422976694.0,,,986.1,1.67,66574.0,1005.64,335.64,,,365.03,,999.24,154.54,2011-01,2011,429243002.59
38,2011-02-28,300.69,238.27,164.21,110.9,,423029107.0,,,994.41,1.66,67383.0,1000.48,338.99,,,367.05,,1007.67,154.58,2011-02,2011,1527259347.51
39,2011-03-31,301.98,240.15,160.29,109.6,,552375604.0,,,1003.53,1.63,68586.0,1028.25,341.1,,,369.33,,1016.93,154.75,2011-03,2011,138244036.73
40,2011-04-29,305.18,242.0,159.44,110.9,,540152497.0,,,1011.93,1.57,66132.0,1046.39,342.62,,,371.31,,1025.47,154.88,2011-04,2011,110358949.19
41,2011-05-31,314.15,243.14,153.0,109.3,,544177274.0,,,1021.91,1.58,64620.0,1040.6,344.1,,,373.75,,1035.6,155.1,2011-05,2011,162613268.20000002
42,2011-06-30,315.32,243.5,153.81,109.0,,4012525209.0,,,1031.63,1.56,62403.0,1056.1,343.47,,,376.04,,1045.49,155.28,2011-06,2011,484108396.64
43,2011-07-29,316.74,243.89,152.93,108.4,,4023624118.0,,,1041.59,1.56,58823.0,1084.51,343.08,,,378.39,,1055.6,155.53,2011-07,2011,50349165.809999995
44,2011-08-31,317.15,244.8,152.71,106.4,,4023965031.0,,,1052.76,1.59,56495.0,1092.91,344.59,,,381.07,,1066.94,155.79,2011-08,2011,714646595.8
45,2011-09-30,317.59,246.09,154.08,104.9,,4059554220.0,,,1062.68,1.85,52324.0,1111.17,346.81,,,383.36,,1077.01,155.96,2011-09,2011,2088777733.25
46,2011-10-31,318.32,247.15,151.91,104.3,,4062498061.0,,,1072.06,1.69,58338.0,1107.17,348.65,,,385.51,,1086.52,156.08,2011-10,2011,175988495.44
47,2011-11-30,320.61,248.44,155.36,103.7,,4066682478.0,,,1081.26,1.81,56874.0,1123.57,350.38,,,387.69,,1095.87,156.21,2011-11,2011,144045350.22
48,2011-12-30,320.97,249.68,158.17,103.1,,5076310158.0,,,1091.06,1.88,56754.0,1165.09,349.97,,,389.99,,1105.84,156.37,2011-12,2011,2038709470.98
49,2012-01-31,323.82,251.08,158.33,103.7,100.0,4193827822.0,,,1100.74,1.74,63072.0,1200.43,350.84,,,392.28,,1115.71,156.51,2012-01,2012,103677646.82
50,2012-02-29,324.79,252.21,170.18,103.9,7.9,4201516923.0,,,1108.91,1.71,65811.0,1256.23,350.63,,,394.24,,1124.06,156.56,2012-02,2012,232910874.48000002
51,2012-03-30,326.45,252.74,164.42,104.5,7.9,4345781131.0,,,1117.9,1.82,64510.0,1307.3,352.13,,,396.64,,1133.32,156.67,2012-03,2012,3996696085.14
52,2012-04-30,328.9,254.35,164.99,103.8,7.8,4347957233.0,,,1125.76,1.89,61820.0,1326.05,355.13,,,398.71,,1141.42,156.7,2012-04,2012,68334296.16
53,2012-05-31,335.08,255.27,163.05,103.2,7.6,4370944927.0,,,1134.02,2.02,54490.0,1371.46,358.77,,,400.89,,1149.95,156.74,2012-05,2012,618918401.76
54,2012-06-29,337.53,255.47,162.35,102.9,7.5,4492162919.0,,,1141.26,2.02,54354.0,1424.97,361.13,,,402.9,,1157.32,156.75,2012-06,2012,491143167.96
55,2012-07-31,339.79,256.57,160.56,102.9,7.4,4646474393.0,,,1148.99,2.05,56097.0,1511.95,365.98,,,404.97,,1165.21,156.77,2012-07,2012,66098448.84
56,2012-08-31,340.67,257.62,156.3,103.4,7.3,4697937720.0,,,1156.9,2.04,57061.0,1505.51,371.2,,,407.05,,1173.3,156.77,2012-08,2012,250001234.83
57,2012-09-28,341.42,259.09,158.29,104.9,7.1,4698915953.0,,,1163.12,2.03,59175.0,1532.0,374.79,,,409.08,,1179.62,156.77,2012-09,2012,2559779520.46
58,2012-10-31,342.14,260.62,161.38,104.5,6.9,4701200243.0,,,1170.19,2.03,57068.0,1500.57,374.88,,,411.13,,1186.84,156.77,2012-10,2012,441760029.1
59,2012-11-30,343.27,262.19,159.69,104.5,6.8,4729106016.0,,,1176.56,2.11,57474.0,1506.52,374.78,,,413.18,,1193.36,156.77,2012-11,2012,452021559.31
60,2012-12-31,343.82,264.26,161.81,103.6,6.9,4855164071.0,,,1182.86,2.04,60952.0,1573.34,377.34,,,415.25,,1199.91,156.77,2012-12,2012,686511433.9200001
61,2013-01-31,346.05,266.53,160.55,103.2,7.2,4895267111.0,,,1189.79,1.99,59761.0,1613.76,378.61,,,417.32,,1207.14,156.77,2013-01,2013,286581768.31
62,2013-02-28,348.13,268.13,165.85,103.3,7.7,4924321908.0,,,1195.52,1.98,57424.0,1597.88,379.71,,,419.41,43.23,1213.08,156.77,2013-02,2013,97651600.57
63,2013-03-28,349.87,269.39,159.96,103.2,8.0,4926892521.0,,,1201.95,2.01,56352.0,1579.32,380.5,,,421.51,44.45,1219.75,156.77,2013-03,2013,358280149.89
64,2013-04-30,352.46,270.87,155.62,102.3,7.8,4779651027.0,,,1209.16,2.0,55910.0,1549.0,381.05,,,423.61,47.39,1227.22,156.77,2013-04,2013,249891539.47
65,2013-05-31,360.39,271.87,145.97,103.5,7.6,4779851896.0,,,1216.21,2.13,53506.0,1549.36,381.07,,,425.73,39.47,1234.55,156.77,2013-05,2013,78817792.7
66,2013-06-28,364.53,272.58,145.04,103.0,7.4,4888005067.0,,,1223.41,2.22,47457.0,1437.76,383.92,,,427.86,42.88,1242.02,156.77,2013-06,2013,207047563.03
67,2013-07-31,366.28,272.66,136.73,100.1,7.3,4890336314.0,,,1232.06,2.29,48234.0,1427.11,384.92,,,430.09,42.81,1250.99,156.81,2013-07,2013,714947535.57
68,2013-08-30,367.42,273.32,133.04,101.5,7.1,4926274622.0,,,1240.61,2.37,50011.0,1375.07,385.48,,,432.24,41.01,1259.85,156.85,2013-08,2013,385532223.8
69,2013-09-30,369.0,274.27,136.74,101.7,6.9,4969686003.0,,,1249.28,2.23,52338.0,1400.93,391.26,,,434.44,41.7,1268.84,156.9,2013-09,2013,2729708432.75
70,2013-10-31,369.96,275.84,139.24,100.2,6.7,4970760957.0,,,1259.29,2.2,54256.0,1423.1,394.62,,,437.01,42.44,1279.1,157.01,2013-10,2013,7440566327.79
71,2013-11-29,371.25,277.33,138.01,99.5,6.5,5657961962.0,,,1268.22,2.32,52482.0,1411.67,395.76,,,439.29,42.2,1288.27,157.09,2013-11,2013,105739405.58
72,2013-12-31,371.62,279.88,136.57,99.2,6.2,5668172247.0,,,1278.11,2.34,51507.0,1374.7,398.13,,,441.7,41.7,1298.45,157.17,2013-12,2013,977986880.3899999
73,2014-01-31,374.89,281.42,131.74,97.9,6.4,5668641169.0,336830.0,,1288.82,2.43,47638.0,1282.04,400.04,,,444.41,37.1,1309.45,157.33,2014-01,2014,93159737.35
74,2014-02-28,376.13,283.36,136.39,97.9,6.8,5686995248.0,346080.0,,1298.9,2.33,47094.0,1330.42,401.58,,,446.87,39.17,1319.79,157.33,2014-02,2014,2444554953.49
75,2014-03-31,377.19,285.96,125.78,97.9,7.2,5715023903.0,345443.0,,1308.77,2.26,50414.0,1336.07,408.27,,,449.22,39.81,1329.9,157.44,2014-03,2014,2388987126.34
76,2014-04-30,380.5,287.88,120.25,96.0,7.1,5639501753.0,344641.0,,1319.43,2.24,51626.0,1350.76,411.48,,,451.68,40.52,1340.82,157.49,2014-04,2014,66430399.45
77,2014-05-30,388.3,289.2,109.48,92.1,7.0,5859333601.0,344867.0,,1330.75,2.24,51239.0,1369.25,410.93,,,454.21,39.1,1352.43,157.63,2014-05,2014,355618121.89
78,2014-06-30,390.87,290.36,107.37,91.2,6.8,5944640096.0,348290.0,,1341.63,2.2,53168.0,1387.63,407.88,,,456.69,39.49,1363.58,157.73,2014-06,2014,1674019511.41
79,2014-07-31,393.8,290.39,109.55,91.4,6.9,5939571000.0,334977.0,,1354.25,2.27,55829.0,1409.42,405.4,,,459.46,41.32,1376.52,157.9,2014-07,2014,192216882.2
80,2014-08-29,394.11,291.12,110.54,89.8,6.9,5945606497.0,332871.0,,1365.89,2.24,61288.0,1413.1,404.32,,,462.04,42.02,1388.44,158.04,2014-08,2014,873067981.51
81,2014-09-30,394.71,292.78,118.92,88.4,6.8,5955273468.0,330814.0,,1378.19,2.45,54115.0,1421.44,405.13,,,464.75,43.49,1401.04,158.18,2014-09,2014,3065622413.98
82,2014-10-31,395.38,294.01,115.82,87.9,6.6,5963969162.0,345545.0,,1391.2,2.44,54628.0,1402.46,406.28,,,467.56,47.73,1414.34,158.34,2014-10,2014,423026087.15999997
83,2014-11-28,397.12,295.5,115.99,86.8,6.5,5974148908.0,331472.0,,1402.85,2.56,54724.0,1361.51,410.25,,,470.12,51.35,1426.26,158.48,2014-11,2014,796383666.39
84,2014-12-31,397.43,297.81,112.95,86.1,6.5,6003460981.0,329540.0,,1416.24,2.66,50007.0,1336.72,412.8,,,472.97,51.28,1439.95,158.6,2014-12,2014,2186171410.64
85,2015-01-30,401.09,301.5,112.69,84.5,6.8,6020520727.0,331026.0,,1429.37,2.66,46907.0,1372.06,415.96,,,475.75,55.22,1453.38,158.77,2015-01,2015,410905708.74
86,2015-02-27,402.33,305.18,112.89,82.1,7.4,6021127270.0,332712.0,,1441.07,2.88,51583.0,1369.42,417.09,,,478.21,60.35,1465.34,158.84,2015-02,2015,355367699.54
87,2015-03-31,404.83,309.21,106.86,75.6,7.9,6058236498.0,332699.0,,1455.98,3.21,51150.0,1347.63,421.18,,,481.23,65.71,1480.55,159.05,2015-03,2015,1553053984.82
88,2015-04-30,406.69,311.4,101.56,75.6,8.0,6727312785.0,335099.0,,1469.76,2.99,56229.0,1397.06,426.09,,,484.15,61.68,1494.62,159.22,2015-04,2015,180628446.61
89,2015-05-29,410.55,313.71,91.77,75.2,8.1,6785641973.0,339121.0,,1484.22,3.18,52760.0,1417.54,427.82,,,487.13,59.72,1509.34,159.47,2015-05,2015,1704744918.65
90,2015-06-30,418.11,316.19,90.58,73.2,8.3,7290213536.0,339464.0,,1500.01,3.1,53080.0,1460.46,430.69,,,490.46,58.91,1525.42,159.75,2015-06,2015,292127802.84
91,2015-07-31,420.41,318.15,84.55,71.7,8.6,7279712806.0,343114.0,,1517.64,3.39,50864.0,1470.73,433.67,,,494.05,65.28,1543.36,160.1,2015-07,2015,51709924.93
92,2015-08-31,422.89,318.85,84.66,70.4,8.7,5996629214.0,342975.0,,1534.45,3.65,46625.0,1458.12,434.86,,,497.44,67.52,1560.48,160.39,2015-08,2015,617177875.79
93,2015-09-30,423.82,320.57,85.53,68.7,8.9,7302282826.0,343756.0,,1551.45,3.97,45059.0,1400.42,438.98,,,500.89,70.68,1577.78,160.67,2015-09,2015,1149496790.21
94,2015-10-30,425.34,323.2,88.77,69.5,8.9,7308850918.0,359836.0,,1568.63,3.86,45868.0,1430.17,447.28,,,504.3,69.73,1595.28,160.95,2015-10,2015,244954072.2
95,2015-11-30,426.79,326.46,85.55,69.8,9.0,6131605185.0,207353.0,,1585.18,3.85,45120.0,1452.66,454.1,,,507.48,65.22,1612.12,161.23,2015-11,2015,458310740.32
96,2015-12-31,427.22,329.59,87.17,69.7,9.0,7841564709.0,206930.0,,1603.59,3.9,43349.0,1409.01,456.31,,,511.16,56.81,1630.86,161.5,2015-12,2015,1004352240.05
97,2016-01-29,428.88,333.78,89.04,71.0,9.5,7875078306.0,207262.0,,1620.51,4.04,40405.0,1322.95,461.5,,,514.39,56.17,1648.08,161.76,2016-01,2016,177733984.0
98,2016-02-29,431.2,336.78,95.23,70.3,10.2,7883330551.0,207748.0,,1636.74,3.98,42793.0,1361.05,467.45,,,517.46,58.94,1664.6,161.98,2016-02,2016,27334303.28
99,2016-03-31,433.96,338.23,89.31,70.4,10.9,7892853528.0,208801.0,,1655.73,3.56,50055.0,1485.75,469.85,,,521.18,61.53,1683.95,162.28,2016-03,2016,120000000.0
100,2016-04-29,436.35,340.3,87.68,70.9,11.2,7938592014.0,210955.0,,1673.19,3.45,53910.0,1554.17,471.39,,,524.47,63.1,1701.73,162.54,2016-04,2016,4304829241.799999
101,2016-05-31,436.69,342.95,90.85,73.0,11.2,7963235137.0,213116.0,,1691.72,3.6,48471.0,1612.36,475.25,,,527.9,55.73,1720.6,162.83,2016-05,2016,262689720.32
102,2016-06-30,445.12,344.15,98.05,75.7,11.3,7968384027.0,215029.0,,1711.36,3.21,51526.0,1638.16,483.27,,,531.62,55.19,1740.59,163.15,2016-06,2016,217583110.51999998
103,2016-07-29,447.3,345.94,97.67,78.5,11.6,8302415985.0,219182.0,,1730.31,3.24,57308.0,1735.99,484.11,,,535.14,61.61,1759.9,163.47,2016-07,2016,740660553.0
104,2016-08-31,448.6,347.46,100.05,80.4,11.8,8328118237.0,224104.0,,1751.31,3.24,57901.0,1767.11,484.82,,,539.19,54.44,1781.28,163.8,2016-08,2016,375136448.47
105,2016-09-30,450.08,347.74,106.95,81.8,11.8,8392221518.0,227477.0,,1770.7,3.25,58367.0,1816.05,485.78,,,542.74,58.59,1801.04,164.08,2016-09,2016,620532992.78
106,2016-10-31,451.03,348.64,105.98,81.0,11.8,8915181037.0,230001.0,,1789.27,3.18,64924.0,1885.92,486.54,,,546.32,57.85,1819.94,164.32,2016-10,2016,6763220761.54
107,2016-11-30,451.75,349.27,110.3,79.9,11.9,8956353350.0,924006.0,,1807.82,3.4,61906.0,1837.13,486.41,,,549.84,56.54,1838.84,164.59,2016-11,2016,290573920.0
108,2016-12-30,453.33,350.32,110.73,78.3,12.0,9169088030.0,234383.0,,1828.11,3.26,60227.0,1864.61,489.04,,,553.61,58.82,1859.51,164.9,2016-12,2016,1398394282.53
109,2017-01-31,455.19,351.65,102.25,81.0,12.6,9471217404.0,240481.0,,1847.99,3.13,64670.0,1934.69,492.17,,,557.32,58.82,1879.76,165.17,2017-01,2017,135663663.57999998
110,2017-02-24,458.15,352.81,113.8,82.3,13.2,9524288915.0,243694.0,,1864.0,3.1,66662.0,2028.86,492.59,,,560.28,61.29,1896.07,165.2,2017-02,2017,251328307.71
111,2017-03-31,458.88,353.69,109.38,84.3,13.7,9639322087.0,250436.0,,1883.58,3.17,64984.0,2032.81,492.66,,,563.94,59.11,1916.02,165.36,2017-03,2017,551388342.4
112,2017-04-28,458.79,354.19,109.01,86.1,13.6,9674109108.0,255028.0,,1898.44,3.2,65403.0,2035.85,487.26,,,566.76,59.72,1931.16,165.4,2017-04,2017,364097770.40999997
113,2017-05-31,461.68,355.29,103.49,86.4,13.3,9709509473.0,263061.0,,1916.01,3.24,62711.0,2056.75,482.72,,,570.03,60.22,1949.06,165.56,2017-05,2017,253940291.7
114,2017-06-30,465.97,354.47,100.06,85.3,13.0,9739790553.0,268296.0,,1931.56,3.31,62899.0,2074.14,479.5,,,573.18,61.12,1964.9,165.65,2017-06,2017,473364964.34000003
115,2017-07-31,467.37,355.32,104.78,85.9,12.8,9624729604.0,280188.0,,1947.03,3.13,65920.0,2066.19,476.07,,,576.41,58.85,1980.65,165.75,2017-07,2017,868098740.39
116,2017-08-31,469.05,356.0,101.48,86.8,12.6,9634462112.0,289541.0,,1962.64,3.15,70835.05,2084.0,476.53,,,579.58,59.26,1996.54,165.77,2017-08,2017,529011213.79
117,2017-09-29,469.33,356.56,99.67,89.1,12.4,9813309370.0,298359.0,,1975.22,3.17,74293.51,2221.05,478.76,,,582.48,56.85,2009.36,165.77,2017-09,2017,2671396392.33
118,2017-10-31,470.79,358.06,102.81,91.1,12.2,9834814693.0,313007.0,,1987.98,3.28,74308.49,2226.26,479.7,,,585.4,56.51,2022.35,165.77,2017-10,2017,1126800233.81
119,2017-11-30,472.25,359.07,103.96,91.1,12.0,9961857897.0,322686.0,,1999.26,3.26,71970.99,2213.08,482.21,,,588.32,58.26,2033.84,165.77,2017-11,2017,1142159225.21
120,2017-12-29,472.58,360.65,109.46,92.0,11.8,10174466775.0,347166.0,,2010.05,3.31,76402.08,2226.46,486.49,,,591.26,69.25,2044.83,165.77,2017-12,2017,1281098177.16
121,2018-01-31,474.04,361.69,116.96,92.3,12.2,10070570447.0,368617.0,149500000.0,2021.78,3.16,84912.7,2285.23,490.17,,,594.22,65.81,2056.78,165.77,2018-01,2018,14800000.0
122,2018-02-28,474.66,362.85,120.57,93.5,12.6,10112728451.0,395481.0,92400000.0,2031.2,3.24,85353.6,2311.41,490.52,,,597.19,64.26,2066.37,165.77,2018-02,2018,147047347.13
123,2018-03-29,475.8,363.18,115.64,94.6,13.1,11095026084.0,424044.0,130900000.0,2042.01,3.32,85365.56,2357.54,493.64,,,600.18,63.68,2077.39,165.77,2018-03,2018,1364354979.66
124,2018-04-30,477.18,363.97,109.94,93.6,12.9,11137767650.0,436796.0,171100000.0,2052.58,3.48,86115.5,2337.25,496.45,,,603.18,66.58,2088.16,165.77,2018-04,2018,361130372.93
125,2018-05-30,478.28,365.43,113.5,93.4,12.7,11148583686.0,456120.0,184100000.0,2063.2,3.74,76753.61,2214.11,503.29,,,606.19,66.3,2098.98,165.77,2018-05,2018,853492527.89
126,2018-06-29,482.92,370.03,104.0,91.4,12.4,11252094399.0,484896.0,184300000.0,2073.88,3.86,72762.51,2125.22,512.69,,,609.22,60.14,2109.86,165.77,2018-06,2018,963616100.49
127,2018-07-31,485.86,371.26,103.48,92.1,12.3,11303092465.0,512796.0,165800000.0,2085.12,3.75,79220.43,2154.44,515.29,,,612.27,61.18,2121.32,165.77,2018-07,2018,634520552.42
128,2018-08-31,486.59,370.92,104.38,92.5,12.1,11326846036.0,536292.0,192000000.0,2096.95,4.14,76677.53,2139.39,518.9,,,615.33,59.66,2133.37,165.77,2018-08,2018,1343420451.91
129,2018-09-28,487.71,372.7,106.79,91.7,11.9,11345201719.0,556500.0,157500000.0,2106.76,4.0,79342.42,2134.8,526.81,,,618.41,56.69,2143.37,165.77,2018-09,2018,241313622.98
130,2018-10-31,489.42,374.38,107.91,91.8,11.7,11646942020.0,586659.0,171500000.0,2118.2,3.72,87423.55,2242.44,531.47,,,621.5,49.39,2155.01,165.77,2018-10,2018,550944336.36
131,2018-11-30,490.05,373.59,114.5,94.5,11.6,11698609742.0,631489.0,147300000.0,2128.66,3.86,89504.03,2300.47,528.87,,,624.61,54.81,2165.64,165.77,2018-11,2018,514003642.63
132,2018-12-31,490.69,374.15,127.8,94.8,11.6,11772510799.0,717692.0,156100000.0,2139.16,3.87,87887.26,2351.59,523.16,,,627.73,51.72,2176.33,165.77,2018-12,2018,2464493523.19
133,2019-01-31,493.09,375.35,128.64,96.4,12.0,11818191339.0,792238.0,187600000.0,2150.78,3.65,97393.74,2409.69,523.19,102.8,99.99,630.87,57.68,2188.15,165.77,2019-01,2019,717667907.2099999
134,2019-02-28,493.54,376.96,139.39,96.2,12.4,12355048579.0,842171.0,251600000.0,2161.39,3.74,95584.35,2434.56,527.82,103.31,102.15,634.02,52.14,2198.95,165.77,2019-02,2019,859223065.39
135,2019-03-29,495.07,379.79,125.53,94.3,12.7,12378372628.0,1004554.0,200100000.0,2171.53,3.9,95414.55,2482.92,534.45,106.27,104.13,637.19,50.78,2209.26,165.77,2019-03,2019,930257913.41
136,2019-04-30,496.95,381.96,121.71,94.3,12.5,12399623975.0,1130894.0,223800000.0,2182.78,3.95,96353.33,2508.45,539.36,109.27,104.32,640.38,52.79,2220.71,165.77,2019-04,2019,416532390.52
137,2019-05-31,497.1,382.45,117.01,92.2,12.3,12336393691.0,1230771.0,274000000.0,2194.64,3.94,97030.32,2552.69,541.76,110.45,105.52,643.58,50.41,2232.77,165.77,2019-05,2019,2238570688.32
138,2019-06-28,501.47,382.49,107.38,93.1,12.0,12507797811.0,1314842.0,255400000.0,2204.92,3.83,100967.2,2626.1,546.07,113.54,107.21,646.8,51.1,2243.24,165.77,2019-06,2019,1269484714.86
139,2019-07-31,504.38,383.22,110.92,93.9,11.8,12533705596.0,1465970.0,263600000.0,2217.44,3.76,101812.13,2659.55,548.23,115.47,110.39,650.03,49.41,2255.97,165.77,2019-07,2019,2526229205.68
140,2019-08-30,506.5,383.64,114.58,94.6,11.8,12575610090.0,1601537.0,288400000.0,2228.61,4.14,101134.61,2656.69,544.58,115.8,111.14,653.28,48.1,2267.33,165.77,2019-08,2019,2447629405.65
141,2019-09-30,508.83,383.49,112.19,95.1,11.8,11967315345.0,1781355.0,314700000.0,2238.99,4.16,104745.32,2684.26,544.55,115.32,114.05,656.55,48.24,2277.89,165.77,2019-09,2019,1459708860.44
142,2019-10-31,509.75,383.87,111.82,94.9,11.6,13674274117.0,1978631.0,303500000.0,2249.76,4.0,107219.83,2791.98,548.22,116.4,120.24,659.83,45.92,2288.85,165.77,2019-10,2019,2213911152.92
143,2019-11-29,509.95,385.83,118.64,95.3,11.2,13111071024.0,2212392.0,270800000.0,2258.32,4.22,108233.28,2890.26,549.87,118.62,125.03,663.13,50.64,2297.56,165.77,2019-11,2019,2914511795.61
144,2019-12-31,511.02,390.26,121.26,95.9,11.0,11922874413.0,2527495.0,265600000.0,2266.82,4.03,115645.34,3197.58,561.37,130.58,140.64,666.45,48.85,2306.21,165.77,2019-12,2019,4649206658.5
145,2020-01-31,512.96,391.08,121.27,97.2,11.4,13268387622.0,2920596.0,224700000.0,2275.36,4.27,113760.57,3077.28,564.05,124.39,133.52,669.78,46.14,2314.9,165.77,2020-01,2020,1563781440.77
146,2020-02-28,514.65,392.06,131.79,97.3,11.8,13356700761.0,3079327.0,214300000.0,2282.07,4.5,104171.57,2963.81,563.82,122.61,127.75,673.13,38.06,2321.72,165.77,2020-02,2020,1163381807.0
147,2020-03-31,515.99,392.34,124.58,88.8,12.4,13454268300.0,3161430.0,213300000.0,2289.83,5.2,73019.76,2494.1,570.83,106.21,105.57,676.5,23.84,2329.62,165.77,2020-03,2020,884731338.4
148,2020-04-30,517.13,391.12,111.97,56.0,12.7,13558113843.0,3274151.0,307900000.0,2296.36,5.43,80505.89,2603.62,575.41,109.76,109.7,679.88,24.7,2336.26,165.77,2020-04,2020,681350000.0
149,2020-05-29,518.16,389.63,96.82,62.6,13.1,13575113500.0,3396053.0,287800000.0,2301.84,5.43,87402.59,2657.68,577.02,113.06,111.27,683.28,24.53,2341.83,165.77,2020-05,2020,538752076.66
150,2020-06-30,519.92,390.65,100.43,75.9,13.6,13638635597.0,3655895.0,325500000.0,2306.79,5.48,95055.82,2806.28,586.01,118.36,118.97,686.69,29.51,2346.87,165.77,2020-06,2020,1781147046.17
151,2020-07-31,526.01,392.05,102.84,83.6,14.1,14017420159.0,3878243.0,325000000.0,2311.28,5.2,102912.24,2733.12,599.06,116.11,114.5,690.13,27.46,2351.44,165.77,2020-07,2020,2684857004.86
152,2020-08-31,529.79,392.99,102.62,92.1,14.8,13908199107.0,4140038.0,347500000.0,2314.99,5.47,99369.15,2782.1,615.5,118.43,117.67,693.58,26.52,2355.22,165.77,2020-08,2020,1335802925.23
153,2020-09-30,535.94,395.51,108.36,96.7,14.9,13951876565.0,4369646.0,480300000.0,2318.63,5.64,94603.38,2794.88,642.22,120.41,118.64,697.05,27.28,2358.91,165.77,2020-09,2020,1573695619.42
154,2020-10-30,545.21,398.91,107.61,97.7,14.6,12702965401.0,4619273.0,464200000.0,2322.27,5.77,93952.4,2766.76,662.97,121.37,117.09,700.53,26.21,2362.62,165.77,2020-10,2020,1623673218.48
155,2020-11-30,552.19,402.46,111.65,96.5,14.4,14100577897.0,4809964.0,491100000.0,2325.74,5.33,108893.32,2808.56,684.7,125.62,118.39,704.03,29.36,2366.15,165.77,2020-11,2020,1273469248.08
156,2020-12-31,556.06,407.89,111.71,96.3,14.2,14404339592.0,5033042.0,419100000.0,2329.56,5.2,119017.24,2870.15,691.26,130.03,120.69,707.55,33.58,2370.04,165.77,2020-12,2020,3105096365.32
157,2021-01-29,561.0,408.91,116.09,94.9,14.5,14459928879.0,5291498.0,281700000.0,2333.05,5.48,115067.55,2879.45,709.07,132.25,120.02,711.09,32.95,2373.58,165.77,2021-01,2021,1326762410.08
158,2021-02-26,571.61,412.43,116.23,93.3,14.6,14929946592.0,5519784.0,310400000.0,2336.18,5.53,110035.17,2886.53,726.98,136.16,119.2,714.65,37.01,2376.78,165.77,2021-02,2021,1342387150.74
159,2021-03-31,579.04,416.27,112.9,85.9,14.9,15619582027.0,5761785.0,456800000.0,2340.81,5.7,116633.72,2846.77,748.34,136.86,116.36,718.22,38.95,2381.49,165.77,2021-03,2021,2317657476.63
160,2021-04-30,584.25,417.56,104.95,89.6,14.8,14531324916.0,5928921.0,387100000.0,2345.68,5.4,118893.84,2861.15,759.63,138.92,116.38,721.81,42.08,2386.44,165.77,2021-04,2021,4212368141.61
161,2021-05-31,597.22,421.02,105.9,94.6,14.7,15845760513.0,6114795.0,439300000.0,2351.95,5.23,126215.73,2816.46,790.75,136.95,114.17,725.42,41.4,2392.82,165.77,2021-05,2021,3086360968.11
162,2021-06-30,610.12,423.25,107.32,98.3,14.2,15707302362.0,6305438.0,481900000.0,2359.12,5.0,126801.66,2754.89,795.51,135.35,111.34,729.05,38.92,2400.11,165.77,2021-06,2021,3019202406.02
163,2021-07-30,615.31,427.32,110.98,101.6,13.7,15897989702.0,6556238.0,412300000.0,2367.51,5.12,121800.79,2824.12,801.7,138.65,114.56,732.69,38.35,2408.65,165.77,2021-07,2021,3752980193.9
164,2021-08-31,618.14,431.03,111.99,102.5,13.1,17480287518.0,6668352.0,503100000.0,2377.55,5.14,118781.03,2749.84,807.02,137.22,110.85,736.36,41.9,2418.86,165.77,2021-08,2021,4341123002.01
165,2021-09-30,621.29,436.03,114.66,100.0,12.6,17710707784.0,6803312.0,556500000.0,2387.97,5.44,110979.1,2715.67,801.86,137.06,108.93,740.04,41.49,2429.46,165.77,2021-09,2021,4024371082.66
166,2021-10-29,626.63,441.49,109.37,100.4,12.1,33195596725.0,6995283.0,519600000.0,2399.44,5.64,103500.71,2675.68,807.01,137.65,105.85,743.74,40.56,2441.14,165.77,2021-10,2021,4189014930.96
167,2021-11-30,630.83,445.68,109.35,96.4,11.6,32943030044.0,7033169.0,514900000.0,2413.52,5.62,101915.45,2578.4,807.16,136.07,100.03,747.46,39.96,2455.46,165.78,2021-11,2021,3889204034.97
168,2021-12-31,633.04,448.93,112.0,94.1,11.1,49248202096.0,7236580.0,548400000.0,2431.95,5.58,104822.44,2804.79,814.19,143.13,112.64,751.56,42.08,2474.21,165.93,2021-12,2021,5867284957.74
169,2022-01-31,637.53,451.36,108.35,91.6,11.2,53754022654.0,7443996.0,406800000.0,2449.76,5.36,112143.51,2776.92,828.99,144.43,109.73,755.78,40.31,2492.33,166.09,2022-01,2022,1686674463.28
170,2022-02-25,639.96,455.92,104.05,91.1,11.2,49283012303.0,7571386.0,412900000.0,2468.12,5.14,113141.94,2741.15,844.18,143.9,107.5,759.55,38.46,2511.01,166.09,2022-02,2022,3279271181.68
171,2022-03-31,645.46,463.3,105.12,91.8,11.1,49442270608.0,7718772.0,508400000.0,2490.91,4.74,119999.23,2779.97,858.88,146.06,109.39,764.09,38.93,2534.2,166.27,2022-03,2022,2793504575.05
172,2022-04-29,651.59,468.21,104.35,94.5,10.5,49570649763.0,7907974.0,428600000.0,2511.7,4.92,107876.16,2813.06,871.0,146.29,111.18,768.34,36.06,2555.34,166.44,2022-04,2022,4221170535.2200003
173,2022-05-31,666.45,470.41,105.87,97.4,9.8,49825901689.0,8106110.0,584800000.0,2537.59,4.73,111350.51,2820.45,875.54,148.5,110.62,773.47,35.07,2581.68,166.72,2022-05,2022,1279135527.65
174,2022-06-30,680.71,473.57,103.6,98.8,9.3,50314835941.0,8361585.0,619700000.0,2563.31,5.24,98541.95,2795.62,880.67,149.33,108.77,778.49,32.82,2607.85,166.99,2022-06,2022,7201482197.32
175,2022-07-29,686.56,470.34,105.58,98.5,9.1,51210879395.0,8624202.0,613500000.0,2589.84,5.19,103164.69,2814.1,882.48,149.2,110.26,783.65,35.0,2634.84,167.32,2022-07,2022,6903106726.0
176,2022-08-31,687.18,468.65,106.76,100.7,8.9,50873480909.0,9011873.0,701500000.0,2620.08,5.18,109522.88,2976.23,876.32,148.78,122.47,789.47,31.97,2665.6,167.68,2022-08,2022,6123864570.0
177,2022-09-30,687.8,467.29,111.46,101.5,8.7,52140395348.0,9440022.0,604100000.0,2648.16,5.41,110036.79,2990.8,868.03,148.36,123.68,794.85,29.45,2694.18,167.97,2022-09,2022,3968122188.97
178,2022-10-31,688.63,470.05,114.23,98.2,8.3,86653226232.0,9703809.0,556100000.0,2675.19,5.26,116037.08,2991.45,859.6,149.55,122.49,800.02,30.43,2721.68,168.24,2022-10,2022,4489707883.11
179,2022-11-30,691.1,471.98,116.79,91.5,8.1,86850907995.0,9872737.0,565400000.0,2702.5,5.29,112486.01,2867.21,854.75,146.46,116.03,805.23,34.34,2749.46,168.54,2022-11,2022,4679140090.0
180,2022-12-30,691.73,474.9,122.84,90.7,7.9,87763603156.0,10033327.0,531600000.0,2732.86,5.22,109734.6,2867.13,858.57,146.36,116.07,810.93,34.25,2780.34,168.9,2022-12,2022,5247422638.77
181,2023-01-31,694.91,477.42,125.38,88.6,8.4,89776939646.0,10341852.0,463900000.0,2763.55,5.1,113430.54,2821.14,860.39,146.69,113.2,816.68,31.51,2811.57,169.24,2023-01,2023,1048765353.4
182,2023-02-28,695.26,481.43,128.78,89.2,8.6,91517180143.0,10408402.0,437600000.0,2788.93,5.21,104931.93,2808.39,859.87,147.08,111.78,821.45,30.07,2837.39,169.4,2023-02,2023,1875426874.19
183,2023-03-31,697.34,484.85,127.42,91.4,8.8,91661359887.0,10650976.0,644500000.0,2821.69,5.08,101882.2,2760.96,860.31,141.39,112.08,827.53,29.11,2870.72,169.73,2023-03,2023,3279135813.45
184,2023-04-28,698.32,487.81,125.1,91.1,8.5,91836841229.0,10810898.0,514100000.0,2847.6,5.0,104431.63,2858.23,852.14,141.76,119.28,832.35,28.07,2897.07,169.95,2023-04,2023,1580524000.0
185,2023-05-31,702.44,488.93,122.22,91.5,8.3,92392961754.0,11312226.0,576600000.0,2879.58,5.1,108335.07,3013.46,836.43,150.84,124.76,838.31,23.54,2929.62,170.3,2023-05,2023,693150967.53
186,2023-06-30,707.43,488.54,125.27,94.5,8.0,93737605516.0,11372509.0,561200000.0,2910.45,4.82,118087.0,3155.32,820.28,154.06,133.18,844.01,23.73,2961.02,170.61,2023-06,2023,6251813192.47
187,2023-07-31,708.13,489.12,124.46,94.0,7.9,94738511167.0,11681268.0,561900000.0,2941.65,4.74,121942.98,3197.18,814.35,155.0,135.23,849.58,25.87,2992.76,170.93,2023-07,2023,2928285878.25
188,2023-08-31,708.13,490.54,124.46,94.8,7.8,94442180299.0,,677500000.0,2975.17,4.92,115741.81,3212.81,813.24,155.83,135.86,855.67,24.91,3026.86,171.23,2023-08,2023,2718951548.0
189,,,,,,,,,,,,,,,,,,,,,2023-09,,3153996000.0
190,,,,,,,,,,,,,,,,,,,,,2023-10,,671710000.0
